Esecuzione, Risultato
1, 3.3873093128204346
2, 3.262998104095459
3, 3.2497055530548096
4, 3.4817404747009277
5, 3.296570301055908
6, 3.4732284545898438
7, 3.4037086963653564
8, 3.412346363067627
9, 3.39962100982666
10, 3.379941463470459
