Esecuzione, Risultato
1, 1.6771423816680908
2, 1.6677937507629395
3, 1.7171480655670166
4, 1.6980469226837158
5, 1.7092268466949463
6, 1.664421796798706
7, 1.6481411457061768
8, 1.7342114448547363
9, 1.8008325099945068
10, 1.6627295017242432
