Esecuzione, Risultato
1, 3.503333330154419
2, 3.1178178787231445
3, 3.4904696941375732
4, 3.2000434398651123
5, 3.5232388973236084
6, 3.2421793937683105
7, 3.2074735164642334
8, 3.3179991245269775
9, 3.1977481842041016
10, 3.3850436210632324
