Esecuzione, Risultato
1, 6.644358396530151
2, 6.598316192626953
3, 6.542623281478882
4, 6.765322208404541
5, 6.817556142807007
6, 6.7444891929626465
7, 6.607163667678833
8, 6.646584510803223
9, 6.631931781768799
10, 6.5743608474731445
