Esecuzione, Risultato
1, 2.351053476333618
2, 2.2334954738616943
3, 2.2359960079193115
4, 2.07723069190979
5, 2.0747132301330566
6, 2.179426670074463
7, 2.191786289215088
8, 2.0590708255767822
9, 2.116338014602661
10, 2.1542961597442627
