Esecuzione, Risultato
1, 2.2946736812591553
2, 2.4259490966796875
3, 2.356299877166748
4, 2.4435229301452637
5, 2.2435977458953857
6, 2.4771859645843506
7, 2.3524885177612305
8, 2.376359701156616
9, 2.345463514328003
10, 2.30716609954834
