Esecuzione, Risultato
1, 4.371210098266602
2, 4.2799766063690186
3, 4.4125871658325195
4, 4.265195846557617
5, 4.430067777633667
6, 4.387067556381226
7, 4.3987696170806885
8, 4.509143114089966
9, 4.504453182220459
10, 4.356491327285767
