Esecuzione, Risultati
1, 2.4864017963409424
2, 2.487614870071411
3, 2.459791660308838
4, 2.4706828594207764
5, 2.4462947845458984
6, 2.4123642444610596
7, 2.4472784996032715
8, 2.4415555000305176
9, 2.457735776901245
10, 2.4806339740753174
