Esecuzione, Risultati
1, 1.1071233749389648
2, 1.15556001663208
3, 1.1140966415405273
4, 1.1387832164764404
5, 1.1021592617034912
6, 1.1443710327148438
7, 1.131584644317627
8, 1.1247785091400146
9, 1.154961347579956
10, 1.1270110607147217
