Esecuzione, Risultati
1, 3.5181515216827393
2, 3.4515297412872314
3, 3.5919110774993896
4, 3.1337034702301025
5, 3.441455125808716
6, 3.5445058345794678
7, 3.3859760761260986
8, 3.429786205291748
9, 3.4843432903289795
10, 3.2594473361968994
